"ID","de","en","lt","Wikidata_IRI"
"11956","Junikäfer","","Amphimallon majalis","Q14594990"
"11956","Junikäfer","","Amphimallon solstitialis","Q768766"
"11001","Grünfleckige Kartoffelblattlaus","","Aulacorthum solani","Q2871755"
"11002","Spargelrost","","Puccinia asparagi","Q7258185"
"11003","Distelfalter","","Vanessa cardui","Q158603"
"13140","Pepinomosaikvirus (PepMV)","Pepino Mosaic Virus","","Q13217466"
"11004","Pythium spp.","Pythium spp.","Pythium spp.","Q2699011"
"11005","Wirkungssicherung","","",NA
"15310","Marmorierte Baumwanze","","Halyomorpha halys","Q3270185"
"11006","Mondscheinigkeit","","Colletotrichum acutatum","Q5147068"
"11007","Rapsblattwespe","","Athalia rosae","Q1680271"
"10992","Gaeumannomyces graminis var. avenae (Rasen)","","Gaeumannomyces graminis var. avenae","Q5516728"
"10993","Getreidekapuziner","","Rhizoperta dominica","Q1312676"
"10995","Schneeschimmel","Snow mould","Microdochium majus (auf Weizen), Microdochium nivale (auf Roggen, Triticale, Dinkel, Gerste, Zier- und Sportrasen), Typhula incarnata, Typhula ishikariensis (auf Zier- und Sportrasen)","Q10584312"
"10995","Schneeschimmel","Snow mould","Microdochium majus (auf Weizen), Microdochium nivale (auf Roggen, Triticale, Dinkel, Gerste, Zier- und Sportrasen), Typhula incarnata, Typhula ishikariensis (auf Zier- und Sportrasen)","Q104978214"
"10995","Schneeschimmel","Snow mould","Microdochium majus (auf Weizen), Microdochium nivale (auf Roggen, Triticale, Dinkel, Gerste, Zier- und Sportrasen), Typhula incarnata, Typhula ishikariensis (auf Zier- und Sportrasen)","Q7861358"
"10995","Schneeschimmel","Snow mould","Microdochium majus (auf Weizen), Microdochium nivale (auf Roggen, Triticale, Dinkel, Gerste, Zier- und Sportrasen), Typhula incarnata, Typhula ishikariensis (auf Zier- und Sportrasen)","Q7861360"
"10998","Blattflecken und Fruchtfäule der Erdbeere","","Gnomonia fructicola","Q5574380"
"10985","Birnenblütenbrand","","Pseudomonas syringae pv. syringae","Q21399457"
"10984","Septoria-Blattdürre (S. tritici oder S. nodorum)","Septoria leaf spot of wheat","Phaeosphaeria nodorum , Mycosphaerella graminicola (Anam. Septoria nodorum, Septoria tritici)","Q4314880"
"10984","Septoria-Blattdürre (S. tritici oder S. nodorum)","Septoria leaf spot of wheat","Phaeosphaeria nodorum , Mycosphaerella graminicola (Anam. Septoria nodorum, Septoria tritici)","Q138622"
"10984","Septoria-Blattdürre (S. tritici oder S. nodorum)","Septoria leaf spot of wheat","Phaeosphaeria nodorum , Mycosphaerella graminicola (Anam. Septoria nodorum, Septoria tritici)","Q84855498"
"10984","Septoria-Blattdürre (S. tritici oder S. nodorum)","Septoria leaf spot of wheat","Phaeosphaeria nodorum , Mycosphaerella graminicola (Anam. Septoria nodorum, Septoria tritici)","Q103817219"
"10986","Rasenanthracnose","","Colletotrichum graminicola","Q80936789"
"10988","Blattfleckenkrankheit","","Drechslera spp.","Q5306823"
"10991","Sommerflecken","","Magnaporthe poae","Q6731294"
"10990","Ophiosphaerella herpotricha","Spring dead spot","Ophiosphaerella herpotricha","Q10610673"
"10977","Vorzeitiger Fruchtfall","","",NA
"10976","Ehrenpreis-Arten","","Veronica spp.","Q7216874"
"10979","Tabakmotte","","Ephestia elutella","Q928458"
"10981","Falscher Mehltau der Brombeere","","Peronospora sparsa","Q7169462"
"10980","Septoria-Blattfleckenkrankheit der Petersilie","","Septoria apiicola","Q10665919"
"10980","Septoria-Blattfleckenkrankheit der Petersilie","","Septoria petroselini","Q10666044"
"10983","Regenfleckenkrankheit der Äpfel und Birnen","","Gleodes pomigena","Q7188488"
"10982","Birnengitterrost","","Gymnosporangium fuscum","Q54365385"
"10970","Tabakkäfer","","Lasioderma serricorne","Q133538"
"10968","Lagerfäulen","","",NA
"10974","Winden","","Convolvulaceae","Q145777"
"10975","Distelarten","","Cirsium spp.","Q1638558"
"10972","Hahnenfuss-Arten","","Ranunculus spp.","Q146130"
"10966","Brombeersträucher","","Rubus spp.","Q602740"
"10967","Strunkbehandlung gegen Stockausschläge","","",NA
"10965","Feuerbrand","","Erwinia amylovora","Q866091"
"10952","Bakterielle Tomatenwelke","","Clavibacter michiganensis pv. michiganensis","Q21383092"
"10959","Pseudococcus viburni","","Pseudococcus viburni","Q14621706"
"10956","Wurmfarn","","Dryopteris filix-mas","Q322994"
"10951","Bohnenbrand","","Xanthomonas campestris pv. phaseoli","Q131469754"
"10950","Adernschwärze","","Xanthomonas campestris. pv campestris","Q8043055"
"10948","Fusarium culmorum","","Fusarium culmorum","Q2712591"
"10940","Einjährige Hahnenfussgewächse","","Ranunculaceae spp.","Q145869"
"10941","Mehrjährige Hahnenfussgewächse","","Ranunculaceae spp.","Q145869"
"10943","Samtfleckenkrankheit der Zwiebelgewächse","","Cladosporium allii","Q49607119"
"10937","Saissetia coffeae","","Saissetia coffeae","Q10660209"
"10939","Samtfleckenkrankheit","","Cladosporium spp.","Q134055"
"10932","Einjährige Disteln","","",NA
"10933","Mehrjährige Disteln","","",NA
"10934","Zweijährige Disteln","","",NA
"10935","Palmenthrips","","Parthenothrips dracaenae","Q10621350"
"10930","Gummistengelkrankheit","","Didymella bryoniae","Q149490"
"10931","Weisser Germer","","Veratrum album","Q157547"
"10925","Fegen","","",NA
"15263","Wurzelläuse","Root aphids","Aphididae spp.","Q1354085"
"10927","Rost der Rüben","","Uromyces beticola","Q7900893"
"10917","Mehlmotte","","Ephestia kühniella","Q13608938"
"10919","Wildverbiss","","",NA
"14147","Buchsbaumblattfloh","","Psylla buxi","Q10645270"
"10912","Alpenampfer","","Rumex alpinus","Q159084"
"10910","Blattfressende Raupen","","Lepidoptera spp.","Q28319"
"10906","Rotfäule","","Heterobasidion annosum","Q1411830"
"10905","Keimlingskrankheiten","","Alternaria spp.","Q133266"
"10905","Keimlingskrankheiten","","Fusarium spp.","Q131672"
"10905","Keimlingskrankheiten","","Phoma spp.","Q2066891"
"10905","Keimlingskrankheiten","","Pythium spp.","Q2699011"
"10905","Keimlingskrankheiten","","Rhizoctonia solani","Q30906964"
"10905","Keimlingskrankheiten","","Ascochyta spp.","Q74663"
"10905","Keimlingskrankheiten","","Pythium ultimum","Q7263907"
"10905","Keimlingskrankheiten","","Rhizoctonia spp.","Q2716477"
"11995","Schwärmer","","Sphingidae","Q157683"
"10900","Adlerfarn","","Pteridium aquilinum","Q213548"
"10901","Zitrusschmierlaus","","Planococcus citri","Q206556"
"10898","Erhöhung des Netz- und Haftvermögens","","",NA
"10897","DTR-Blattfleckenkrankheit","Tan/Yellow leaf spot of cereals","Pyrenophora tritici-repentis","Q289074"
"10897","DTR-Blattfleckenkrankheit","Tan/Yellow leaf spot of cereals","Drechslera  tritici-repentis","Q84857640"
"10894","Lauchrost","","Puccinia porri","Q1422236"
"10894","Lauchrost","","Puccinia allii","Q2116610"
"10891","Anthraknose","anthracnose","Glomerella cingulata","Q3772404"
"10890","Rost auf Zwiebel-Arten","","Puccinia allii","Q2116610"
"10889","Cladosporium-Blattflecken der Zwiebel","","Cladosporium allii-cepae","Q84826165"
"10888","Alternaria-Purpurfleckenkrankheit","","Alternaria porri","Q10406928"
"10887","Wurzelhals- und Stengelfäule","Phoma leaf spot","Leptosphaeria maculans","Q6528396"
"10887","Wurzelhals- und Stengelfäule","Phoma leaf spot","Phoma lingam","Q84841011"
"10886","Weissfleckigkeit des Kohls","","Pyrenopeziza brassicae","Q5226308"
"10885","Ringflecken des Kohls","","Mycosphaerella brassicicola","Q7990362"
"10883","Werftkäfer","","Lymexylidae","Q749983"
"10882","Gegen das Durchtreiben der Zwiebeln","","",NA
"10865","Sträucher","","",NA
"10864","Rumex-Arten","","Rumex spp.","Q157264"
"10868","Ausfallgetreide","","",NA
"10871","Talerfleckenkrankheit (Dollarfleckenkrankheit)","dollar spot","Sclerotinia homoeocarpa","Q1235677"
"10873","Wundverschluss","","",NA
"10875","Mechanische Verletzungen","","",NA
"10848","Birnblattsauger","","Cacopsylla spp.","Q10439002"
"10850","Dicotyledonen (Unkräuter) und Monocotyledonen (Ungräser)","","Dicotyledona, Monocotyledona",NA
"10853","Dicotyledonen (Unkräuter)","","Dicotyledona",NA
"10854","Mehrjährige Dicotyledonen (Unkräuter)","","",NA
"10855","Einjährige Dicotyledonen (Unkräuter)","","",NA
"10856","Grünstreifige Kartoffelblattlaus","","Macrosiphum euphorbiae","Q3274988"
"10858","Blattfleckenkrankheit der Blaudisteln","","Entyloma eryngii","Q10485035"
"10859","Hirsen","","","Q16877024"
"10861","Keimhemmung","","",NA
"10862","Schachtelhalme (Equisetaceae)","","Equisetaceae","Q517643"
"10863","Einjährige Ehrenpreis-Arten","","","Q7216874"
"10834","Austernschildläuse","","Quadraspidiotus spp.","Q21231860"
"14259","Godronia-Triebsterben","Godronia canker - canker of blueberry","Godronia cassandrae","Q10506686"
"10839","Rindenbrandkrankheit der Rosen","","Coniothyrium sp.","Q3686995"
"10838","Falscher Mehltau der Rosen","","Peronospora sparsa","Q7169462"
"10837","Echter Mehltau der Rosen","","Sphaerotheca pannosa","Q11128733"
"10836","Rost der Rose","","Phragmidium mucronatum","Q7188038"
"10841","Blattbotrytis der Zwiebel","","Botryotinia squamosa","Q10433870"
"10823","Wegschnecken/Arion Arten","","Arionidae","Q915669"
"10825","Ackerschnecken/Deroceras Arten","","Deroceras spp.","Q293311"
"10804","Bildung von Fruchtholz an nichttragenden Jungbäumen","","",NA
"10806","Buchdrucker","","Ips typographus","Q794323"
"10800","Gegen Rötel","","",NA
"10803","Hemmung des Längenwachstums (Stauchen)","","",NA
"14294","Rispenarten","","",NA
"10802","Erhöhung der Standfestigkeit","","",NA
"10809","Verbesserung des Fruchtansatzes (Bildung von parthenokarpen Früchten)","","",NA
"10810","Brechung der Knospenruhe, Förderung des Längenwachstums","","",NA
"10784","Blatt- und Sägewespen","","Tenthredinidae","Q1280932"
"10785","Gallmilben","","Phytoptus spp.","Q4356998"
"10786","Falscher Mehltau des Hopfens","","Pseudoperonospora humuli","Q7255252"
"10798","Blüten- und Fruchtausdünnung","","",NA
"10799","Brechung der Alternanz (Apfelbaum)","","",NA
"10774","Mehrjährige Monocotyledonen (Ungräser)","","",NA
"10770","Mehrjährige Ehrenpreis-Arten","","",NA
"10779","Wühl- oder Schermaus","","Arvicola terrestris","Q20980531"
"10759","Erdraupen","","Euxoa spp.","Q779695"
"10759","Erdraupen","","Agrotis spp.","Q1315870"
"10756","Rhombenspanner","","Boarmia rhomboidaria","Q33472"
"10757","Moosknopfkäfer","","Atomaria linearis","Q2332344"
"10754","Dörrobstmotte","","Plodia interpunctella","Q779383"
"10755","Frostspanner","","Operophtera brumata","Q164002"
"10765","Zwergzikaden","","Jassidae (syn. Cicadellidae)","Q244452"
"10762","Bakteriosen","","",NA
"10763","Algen","","Algae","Q37868"
"10760","Wickler","","Tortricidae","Q28953"
"11243","Grosser Brauner Nadelholzrüssler","Large brown pine weevil","Hylobius abietis","Q176864"
"11240","Buchsbaum-Zünsler","Box-tree pyralid","Glyphodes perspectalis","Q21267394"
"11247","Himbeerblattmilbe","raspberry (leaf) mite","Phyllocoptes gracilis","Q10629909"
"11245","Tomatenminiermotte","Tuta absoluta","Tuta absoluta","Q46858"
"11233","Baumwollkapselwurm","Cotton Bollworm","Helicoverpa armigera","Q811652"
"11239","Japanischer Knöterich","","Fallopia japonica","Q899672"
"11238","Kontrolle der Durchwuchskartoffel in Nachfolgekulturen","","",""
"13852","Anthraknose der Lupine","","Colletotrichum lupini","Q10457059"
"11256","Rapsminierfliege","imported leaf miner","Scaptomyza flava","Q13851757"
"11257","Wiesenschnake","common crane fly","Tipula paludosa","Q20976"
"11262","Anthraknose der Kürbisgewächse","anthracnose of cucurbits ","Glomerella lagenarium (syn. Colletotrichum lagenarium)",""
"11263","Trockenfäule der Gladiole","dry rot of gladiolus","Stromatinia gladioli","Q10681915"
"11260","Pfauenaugenkrankheit","peacock spot of olive","Cycloconium oleaginum","Q108471185"
"11251","Rostpilze der Zierpflanzen ","Chrysomyxa spp.","","Q5114870"
"11251","Rostpilze der Zierpflanzen ","Cronartium spp.","","Q5187693"
"11251","Rostpilze der Zierpflanzen ","Melampsora spp.","","Q635471"
"11251","Rostpilze der Zierpflanzen ","Phragmidium spp.,","","Q369337"
"11251","Rostpilze der Zierpflanzen ","Puccinia spp.","","Q305162"
"11251","Rostpilze der Zierpflanzen ","Uromyces spp.","","Q892455"
"11252","Echte Mehltaupilze auf Nüsslisalat","","Erysiphe communis","Q116978443"
"11209","Echter Mehltau der Solanaceae","","Leveillula taurica","Q6534980"
"11208","Blattfleckenkrankheit des Lauches","","Pleospora herbarum (Stemphylium botryosum)","Q7204607"
"11211","Grüne Zitrusblattlaus","Green citrus aphid","Aphis spiraecola","Q10415221"
"11210","Echte Mehltaupilze der Zierpflanzen","","Erysiphaceae","Q1755354"
"11212","Grüne Apfelblattlaus","Green apple aphid","Aphis pomi","Q2382963"
"11215","Falscher Mehltau der Erbse","","Peronospora viciae","Q7169466"
"11214","Echter Mehltau des Tabaks","Powdery mildew of tobacco","Golovinomyces cichoracearum","Q2703884"
"11214","Echter Mehltau des Tabaks","Powdery mildew of tobacco","Oidium tabaci","Q108117421"
"11203","Vogelrepellent (Krähen)","","","Q43365"
"11205","Tausendfüsser","millipede","Myriapoda","Q25823"
"12169","Falscher Mehltau der Artischocke","Artichoke Downy Mildew","Bremia lactucae","Q621790"
"11204","Falscher Mehltau der Kreuzblütengewächse","","Peronospora parasitica","Q105060374"
"11206","Roste der Brombeere","Rusts of blackberry","Phragmidium violaceum","Q7188040"
"11206","Roste der Brombeere","Rusts of blackberry","Kuehneola uredinis","Q6441858"
"11225","Echter Mehltau der Aubergine","","Leveillula taurica","Q6534980"
"11226","Olivenfruchtfliege","Olive fruit fly","Bactrocera oleae","Q2207329"
"11227","Beschleunigung und Synchronisierung der Fruchtreife","","",NA
"11229","Echter Mehltau der Gräser","","Blumeria graminis","Q337796"
"11216","Falscher Mehltau der Bohne","","Phytophthora phaseoli","Q7189827"
"11216","Falscher Mehltau der Bohne","","Peronospora viciae","Q7169466"
"11217","Falscher Mehltau der Doldenblütler","","Plasmopara crustosa","Q107461274"
"11218","Falscher Mehltau des Nüsslisalats","","Peronospora valerianellae","Q7169465"
"12923","Vorratsschädlinge fliegend","","",NA
"12924","Vorratsschädlinge kriechend","","",NA
"11220","Papierfleckenkrankheit des Lauchs","","Phytophthora porri","Q87273622"
"11221","Falsche Mehltaupilze der Küchenkräuter","","Peronosporales","Q621829"
"11222","Falsche Mehltaupilze der Zierpflanzen","","Peronosporales","Q621829"
"11223","Echte Mehltaupilze der Küchenkräuter","","Erysiphaceae","Q1755354"
"11183","Maiskäfer","maize weevil","Sitophilus zeamais","Q3272137"
"15003","Echter Mehltau der gemeinen Felsenbirne","","k.A.",NA
"15002","Echter Mehltau des Sanddorns","","k.A. ",NA
"11178","Braunfleckigkeit des Reises","Helminthosporium oryzae","Helminthosporium oryzae","Q105055708"
"15001","Echter Mehltau der Eberesche","","k.A.",NA
"11177","Phytophthora cryptogea","Phytophthora cryptogea","Phytophthora cryptogea","Q3061909"
"11176","Phoma","Phoma","Phoma spp.","Q2066891"
"15000","Echter Mehltau der Schwarzen Apfelbeere","","k.A. ",NA
"14999","Echter Mehltau des Maulbeerbaums ","","Phyllactinia moricola","Q11113134"
"11171","Erdnussplattkäfer","merchant grain beetle","Oryzaephilus mercator","Q2410490"
"11169","Brotkäfer","Drugstore beetle / Bread beetle ","Stegobium paniceum","Q11962"
"11168","Speichermotte","Tobacco moth","Ephestia elutella","Q928458"
"11196","Umfallkrankheit des Kohls","","Plenodomus lingam","Q21398152"
"11197","Papierfleckenkrankheit der Zwiebel","","Phytophthora porri","Q87273622"
"11194","Bakterienweichfäule","","Erwinia carotovora subsp. carotovora","Q63123831"
"11192","Hühnerhirse","cock's-foot","Echinochloa crus-galli","Q163527"
"11193","Pseudomonas","","Pseudomonas spp.","Q131143"
"11190","Echter Mehltau der Möhre","Powdery mildew","Erysiphe heraclei",""
"11191","Quarantäneschädlinge","","",""
"11188","Botryosphaeria obtusa (Black rot)","Black rot","Botryosphaeria obtusa",""
"11186","Echter Mehltau der Kreuzblütler","powdery mildew of crucifers","Erysiphe cruciferarum (=communis)",""
"11187","Reisbräune","","Magnaporthe grisea (Anam. Pyricularia oryzae)",""
"11185","Halmbruchkrankheit des Getreides","","Oculimacula yallundae (Anam. Pseudocercosporella herpotrichoides)",""
"11151","Fruchtausdünnung","","",""
"11144","Blausieb","Leopard Moth (Zeuzera pyrina)","Zeuzera pyrina",""
"11142","Ausfall - Sonnenblumen","","Helianthus annuus",""
"11139","Sprenkelnekrosen (PLS)","","PLS=physiological leaf spots",""
"11138","Sprenkelnekrosen (PLS+RCC)","","PLS=physiological leaf spots, RCC=Ramularia collo-cygni",""
"13946","Minderung von Fruchtberostung und Wachstumsrissen","","",""
"11160","Aufrechtes Traubenkraut (Ambrosia artemisiifolia)","","Ambrosia artemisiifolia",""
"11162","Reifeverzögerung","","",""
"11157","Giftige Kreuzkräuter (Senecio spp.)","","Senecio spp.",""
"11158","Rebzikade (Scaphoideus titanus)","Scaphoideus titanus","Scaphoideus titanus",""
"11159","Virusübertragende Blattläuse","","Aphididae",""
"11111","Krätze der Kürbisgewächse","scab of cucurbits","Cladosporium cucumerinum",""
"11116","Phomopsis der Sonnenblume","","Diaporthe helianthi (Anam. Phomopsis helianthi)",""
"13018","Fusarium Keimlingsbefall","","Fusarium spp. ",""
"11120","Pythium ultimum","Pythium ultimum","Pythium ultimum",""
"11127","Herbstzeitlose","Autumn crocus","Colchicum autumnale",""
"11125","Beerenkrankheit","","Colletotrichum acutatum",""
"11124","Doldenwelke","","Phoma sambuci-nigrae",""
"11131","Breitblättrige Unkräuter","","",""
"11129","Kastanienminiermotte","","Cameraria ohridella",""
"11077","Johannisbeerglasflügler","","Synanthedon tipuliformis",""
"11087","Echter Mehltau der Rüben","","Erysiphe betae",""
"11089","Echter Mehltau der Tomate","","Oidium neolycopersici, Leveillula taurica",""
"11088","Echter Mehltau des Steinobstes","","Podosphaera pannosa, P. tridactyla",""
"11091","Echter Mehltau der Heidelbeere","","Podosphaera myrtillina",""
"11090","Echter Mehltau der Asteraceen","","Erysiphe cichoracearum",""
"11093","Falscher Mehltau der Sonnenblume","","Plasmopara halstedii",""
"11095","Wurzelfäulen","","Phytophthora spp., Pythium spp.",""
"11094","Falscher Mehltau des Spinats","","Peronospora farinosa f.sp. spinaciae",""
"11096","Rhizoctonia-Fäule des Salats","","Rhizoctonia solani",""
"11103","Samen- und bodenbürtige Krankheiten","","",""
"12138","Knollentrockenfäulen","gangrene / dry rot","Fusarium spp., Phoma spp.",""
"11047","Septoria-Spelzenbräune (S. nodorum)","","Phaeosphaeria nodorum (Anam. Septoria nodorum)",""
"11042","Optimierung der Sortierung","","",""
"14878","Fusarium Welke","","Fusarium oxysporum",""
"11048","Lagerschorf des Kernobstes","","Venturia inaequalis, V. pirina",""
"11063","Weisser Rost","","Albugo candida",""
"11062","Trespenarten","","Bromus sp.",""
"11060","Papierfleckenkrankheit des Spinats","","Cladosporium variabile",""
"12145","Colletotrichum-Welke","black dot disease of potato","Colletotrichum coccodes",""
"11064","Zweig- und Beerenkrankheit","","Colletotrichum acutatum",""
"11013","Kraut- und Knollenfäule","","Phytophthora infestans",""
"11014","Lagerkrankheiten","","Venturia spp. und Lagerfäulen / et maladies de conservation / e deperimento di ortofrutticoli in deposito",""
"11015","Apfelbaumglasflügler","","Synanthedon myopaeformis",""
"11008","Rapsstengelrüssler","","Ceutorhynchus napi",""
"11011","Fusarium spp.","","Fusarium spp.",""
"11022","Erbsenwickler","","Cydia nigricana",""
"11023","Gartenlaubkäfer","","Phyllopertha horticola",""
"11016","Zwiebelhalsfäule","","Botrytis allii",""
"11017","Rost der Himbeere","","Phragmidium rubi-idaei",""
"11029","Helminthosporium-Krankheiten","","Bipolaris spp., Curvularia spp., Drechslera spp., Exserohilum spp.",""
"11024","Bodenbürtige Krankheiten","","Phoma, Plasmodiophora, Phytophthora",""
"11027","Puccinia spp.","","Puccinia spp.",""
"11037","Braunfleckenkrankheit","","Botrytis fabae",""
"11034","Rhynchosporium-Blattflecken des Rasens","","Rhynchosporium orthosporum, Rhynchosporium secalis",""
"10463","Erbsenblattrandkäfer","","Sitona lineatus",""
"10460","Spargelhähnchen","","Crioceris asparagi",""
"10461","Spargelkäfer","","Crioceris duodecimpunctata",""
"10458","Kohlschabe","","Plutella xylostella",""
"10459","Lauchmotte","","Acrolepiopsis assectella",""
"10455","Blutlaus","","Eriosoma lanigerum",""
"10452","Blattwespen","","Tenthredinidae",""
"12668","Rostpilze auf  Salate (Asteraceae) und Chicorée","","Puccinia dioicae Magnus, Puccinia opizii, Puccinia cichorii",""
"12669","Rübenmotte","beet moth","Scrobipalpa ocellatella",""
"10450","Maulwurfsgrille","","Gryllotalpa gryllotalpa",""
"10451","Blindwanzen","","Miridae",""
"10448","Kleespitzmäuschen","","Apion spp.",""
"10447","Kohlgallenrüssler","","Ceutorhynchus pleurostigma",""
"10445","Gefleckter Kohltriebrüssler","","Ceutorhynchus quadridens",""
"10442","Drahtwürmer","","Elateridae",""
"10436","Erdschnaken","","Tipulidae",""
"10435","Gallmücken","","Cecidomyiidae",""
"10434","Trauermücken","","Sciaridae",""
"10492","Narren- oder Taschenkrankheit der Zwetschge","pocket plums","Taphrina pruni",""
"10493","Echter Mehltau der Erdbeere","","Podosphaera aphanis",""
"12631","Lockerung des Traubenstielgerüsts","","",""
"10495","Blattfleckenkrankheiten der Erdbeere","","Diplocarpon earlianum, Mycosphaerella fragariae",""
"10488","Rost der Zwetschge","rust","Tranzschelia discolor, Tranzschelia pruni-spinosae",""
"10489","Kräuselkrankheit des Pfirsichs","","Taphrina deformans",""
"10490","Echter Mehltau des Pfirsichs","mildew","Podosphaera pannosa",""
"14795","Rostpilze der Küchenkräuter","","",""
"10491","Echter Mehltau der Aprikose","powdery mildew","Podosphaera tridactyla",""
"10485","Bakterienbrand der Kirsche","bacterial canker","Pseudomonas syringae pv. morsprunorum",""
"10486","Bitterfäule der Kirsche","bitter rot","Glomerella cingulata",""
"10487","Sprühfleckenkrankheit der Kirsche","leaf blight","Blumeriella jaapii",""
"10481","Blüten- und Zweigdürre","blossom blight","Monilia laxa",""
"10482","Schorf des Pfirsichs","scab","Venturia carpophila",""
"10483","Schrotschuss","shot-hole","Wilsonomyces carpophilus (syn. Stigmina carpophila)",""
"10477","Blattbräune der Quitte","","Entomosporium mespili",""
"10479","Kelchfäule (Botrytis cinerea)","eye rot","Botrytis cinerea (Kelchfäule)",""
"10478","Gelbe Getreidehalmfliege","","Chlorops pumilionis",""
"10472","Echter Mehltau des Apfels/der Birne","powdery mildew","Podosphaera leucotricha",""
"10474","Einjährige Monocotyledonen (Ungräser)","","",""
"10469","Rübenfliege","","Pegomya betae",""
"10470","Möhrenfliege","","Psila rosae",""
"10465","Kohlfliege","","Delia radicum, D. floralis",""
"10464","Kohldrehherzgallmücke","","Contarinia nasturtii",""
"10466","Spargelfliege","","Platyparea poeciloptera",""
"11476","Kirschessigfliege","","Drosophila suzukii",""
"10398","Blattläuse (Röhrenläuse)","","Aphididae",""
"10396","Wanzen","","Heteroptera",""
"10397","Erdflöhe","","Halticinae",""
"10384","Rote Spinne","","Panonychus ulmi",""
"10385","Zünsler","","Pyralidae",""
"10390","Kartoffelkäfer","","Leptinotarsa decemlineata",""
"10391","Maikäfer","May bug","Melolontha melolontha",""
"10388","Blattkäfer","","Chrysomelidae",""
"10389","Rübenerdflöhe","","Chaetocnema concinna, C. tibialis",""
"10379","Spinnmilben","spider mites","Tetranychidae",""
"13677","Hemmung des Triebwachstums","","",""
"10377","Zwiebelthrips","Onion thrips","Thrips tabaci",""
"10376","Kalifornischer Blütenthrips","Western Flower Thrips","Frankliniella occidentalis",""
"10383","Gemeine Spinnmilbe","","Tetranychus urticae",""
"10381","Weichhautmilben","","Tarsonemidae",""
"14770","Fussfäule des Leins","foot rot of flax","Phoma exigua var. linicola",""
"10369","Falscher Mehltau der Zwiebel","","Peronospora destructor",""
"10375","Thripse","","Thripidae",""
"10373","Graufäule (Botrytis cinerea)","","Botrytis cinerea",""
"10425","Kohlschotengallmücke","","Dasineura brassicae",""
"10426","Miniermotten","","Gracillariidae, Lyonetiidae",""
"10427","Trägspinner","","Lymantriidae",""
"10429","Weisslinge","","Pieridae",""
"10430","Minierfliegen","","Agromyzidae",""
"10416","Möhrenblattfloh","","Trioza apicalis",""
"10417","Tabakmottenschildlaus","","Bemisia tabaci",""
"10420","Kohleule","","Mamestra brassicae",""
"10421","Eulenraupen","","Noctuidae",""
"10423","Spanner","","Geometridae",""
"12547","Gallmilben","","Eriophyidae, Phytoptidae, Diptilomiopidae (gallenbildende)",""
"10410","Weisse Fliegen (Mottenschildläuse)","","Aleyrodidae",""
"10413","Schwarze Bohnenlaus = Schwarze Rübenblattlaus","","Aphis fabae",""
"10412","Grüne Gurkenblattlaus","","Aphis gossypii",""
"10415","Salatwurzellaus","","Pemphigus bursarius",""
"10414","Mehlige Kohlblattlaus","","Brevicoryne brassicae",""
"14737","Trichoderma aggressivum","green mould disease of mushrooms (Trichoderma aggressivum)","Trichoderma aggressivum",""
"10403","Schildläuse","","Coccoidea",""
"10405","Wollläuse (Schmierläuse)","","Pseudococcidae",""
"10404","Napfschildläuse","","Coccidae",""
"10406","Deckelschildläuse","","Diaspididae",""
"11264","Seitentriebhemmung","","",""
"11265","Eckige Blattfleckenkrankheit der Erdbeere","","Xanthomonas fragariae",""
"11320","Rost der Ackerbohne","","Uromyces viciae-fabae",""
"10367","Bakterielle Fleckenkrankheit","bacterial speck of tomato","Pseudomonas syringae pv. tomato",""
"12759","Anthraknose der Erdbeere","anthracnose of strawberry","Colletotrichum fragariae Colletotrichum acutatum",""
"10366","Schorf des Kernobstes","scab","Venturia inaequalis, Venturia pirina, Venturia nashicola",""
"10360","Wurzelgallennematoden","","Meloidogyne spp.",""
"11319","Rost der Erbse","","Uromyces pisi-sativi, Uromyces viciae-fabae",""
"11310","Walnussfruchtfliege","","Rhagoletis completa",""
"13704","Echter Mehltau der Gojibeeren","","Arthrocladiella mougeotti",""
"10349","Alternaria spp.","","Alternaria spp.",""
"10351","Monocotyledonen (Ungräser)","","Monocotyledona",""
"13821","Laubkrankheit (Stemphylium botryosum)","Leaf blight","Pleospora herbarum (syn. Stemphylium botryosum)",""
"12711","Falsche Mehltaupilze der Kamille","","Peronosporales",""
"12681","Erdmandelgras","Earth almond","Cyperus esculentus    ",""
"15705","Rhizoctonia-Fäule","","",""
"15703","Rost der Petersilie","","",""
"10701","Sclerotinia-Fäule","","Sclerotinia spp.",""
"10703","Sägewespen","","Hoplocampa spp.",""
"10702","Phytophthora spp.","Phytophthora spp.","Phytophthora spp.",""
"10697","Erdbeer- oder Himbeerblütenstecher","","Anthonomus rubi",""
"10696","Dickmaulrüssler","","Otiorhynchus spp.",""
"10699","Borkenkäfer","","Scolytidae",""
"10698","Himbeerkäfer","raspberry beetle","Byturus tomentosus",""
"10693","Apfelblütenstecher","","Anthonomus pomorum",""
"10690","Kirschenfliege","","Rhagoletis cerasi",""
"10716","Frühlingsapfelblattsauger","","Cacopsylla mali",""
"12406","Netzschorf","Common scab of potato","Streptomyces scabiei",""
"10714","Gemeine Kommaschildlaus","","Lepidosaphes ulmi",""
"13360","Echter Mehltau der Rubus-Arten","powdery mildew","Podosphaera aphanis (syn. Sphaerotheca aphanis)",""
"10708","Grüne Pfirsichblattlaus","","Myzus persicae",""
"13361","Echter Mehltau der Mini-Kiwi","Powdery mildew on hardy kiwi","Phyllactinia actinidiae",""
"10704","Reiskäfer","","Sitophilus oryzae",""
"12408","Falscher Mehltau der Paprika","","Phytophtora capsici Peronospora tabacina",""
"10705","Mehlige Birnblattlaus","","Dysaphis pyri",""
"12409","Falscher Mehltau der Aubergine","","Phytophtora capsici, Phytophthora infestans",""
"10706","Mehlige Apfelblattlaus","","Dysaphis plantaginea",""
"10707","Schwarze Kirschenblattlaus","","Myzus cerasi",""
"10733","Kleiner Fruchtwickler","","Grapholita lobarzewskii",""
"12355","Zwergrost der Gerste","","Puccinia hordei",""
"10731","Silberschorf","","Helminthosporium solani",""
"12354","Phoma der Sonnenblume","","Plenodomus lindquistii (Anam. Phoma macdonaldii)",""
"10730","Apfelwickler","","Cydia pomonella",""
"12353","Echter Mehltau des Leins","","Golovinomyces orontii (Anam. Oidium lini)",""
"11684","Pfirsichmotte","peach twig borer","Anarsia lineatella",""
"12352","Pasmokrankheit","","Mycosphaerella linicola",""
"10725","Fruchtwanzen","","Calocoris spp., Lygus spp., Plesicocoris spp., Psallus spp.",""
"10723","Grüne Rebzikade","","Empoasca vitis",""
"10722","Kornkäfer","","Sitophilus granarius",""
"10721","Maiszünsler","European corn borer","Ostrinia nubilalis",""
"10720","Reblaus","grapevine leaf louse","Viteus vitifoliae (syn. Dactylosphaera vitifolii)",""
"10746","Gespinstmotten","","Yponomeutidae",""
"10744","Pflaumenwickler","","Grapholita funebrana",""
"10745","Pfirsichwickler","","Grapholita molesta",""
"10742","Springwurm","","Sparganothis pilleriana",""
"11707","Schorf der Ziergehölze","","Venturia sp., Spilocaea sp.",""
"10743","Flechten","","Lichenes",""
"10740","Einbindiger Traubenwickler","","Eupoecilia ambiguella",""
"10741","Bekreuzter Traubenwickler","","Lobesia botrana",""
"10738","Moose (Bryophyta)","","Bryophyta",""
"10739","Traubenwickler","","Eupoecilia ambiguella, Lobesia botrana",""
"10736","Schalenwickler","","Adoxophyes orana, Pandemis heparana, Archips podanus",""
"10635","Gänseblümchen","","Bellis perennis",""
"10634","Kriechender Günsel","","Ajuga reptans",""
"10636","Zaunwinde","","Calystegia sepium, i.e. Convolvulus sepium",""
"10638","Ackerkratzdistel","","Cirsium arvense",""
"12329","Minierende Raupen","","",""
"11721","Colletotrichum-Fruchtfäule","","Glomerella acutata, Syn: Colletotrichum acutatum",""
"12334","Leguminosenzünsler","","Etiella zinckenella",""
"10648","Weissklee","","Trifolium repens",""
"15588","Nesidiocoris tenuis","","Nesidiocoris tenuis ",""
"10649","Grosse Brennnessel","","Urtica dioica",""
"10650","Gamanderehrenpreis","","Veronica chamaedrys",""
"10651","Faden-Ehrenpreis","","Veronica filiformis",""
"12339","Echte Mehltaupilze der Laubbäume ","","Erysiphaceae",""
"10652","Quendelblättriger Ehrenpreis","","Veronica serpyllifolia",""
"12340","Eulenraupen (blattfressend)","","Noctuidae (blattfressend)",""
"10653","Gemeine Quecke","","Agropyron repens (Elymus repens)",""
"10640","Ackerwinde","","Convolvulus arvensis",""
"10641","Gundelrebe","","Glechoma hederacea",""
"10643","Spitzwegerich","","Plantago lanceolata",""
"10644","Grosser Ampfer","","Rumex acetosa",""
"10645","Stumpfblättriger Ampfer (Blacken)","","Rumex obtusifolius",""
"12349","Septoria-Keimlingsbefall (S. nodorum)","","Phaeosphaeria nodorum (Anam. Septoria nodorum)",""
"12350","Brennfleckenkrankheit der Erbse","","Ascochyta pisi, Mycosphaerella pinodes, Phoma pinodella",""
"10647","Löwenzahn","","Taraxacum officinale",""
"12351","Stängelbräune des Leins","","Guignardia fulvida (syn. Discosphaerina fulvida, veraltete Bezeichnung: Polyspora lini)",""
"10667","Lagerschorf des Apfels","storage scab","Venturia inaequalis",""
"10671","Echter Mehltau der Quitte","powedery mildew","Podosphaera clandestina",""
"10669","Fruchtmonilia","brown rot","Monilia sp.",""
"10668","Lentizellenfäulnis des Apfels","fruit rot","Pezicula malicorticis, Pezicula alba",""
"10659","Einjähriges Rispengras","","Poa annua",""
"10657","Gemeiner Windhalm","loose silky bent (windgrass)","Apera spica-venti (Agrostis spica-venti)",""
"10662","Rutenkrankheiten der Himbeere","cane spot","Didymella applanata, Leptosphaeria coniothyrium",""
"10660","Getreideplattkäfer","","Oryzaephilus  surinamensis",""
"10683","Kräuselmilbe","","Calepitrimerus vitis",""
"10680","Rostmilben","","Eriophyidae, Phytoptidae, Diptilomiopidae (freilebende)",""
"10681","Birnenpockenmilbe","","Phytoptus pyri",""
"10686","Erdbeermilbe","","Phytonemus pallidus",""
"10684","Pockenmilbe der Reben","Erineum leaf mite","Colomerus vitis",""
"10685","Brombeermilbe","","Eriophyes essigi",""
"15567","Marssonina- Blattfallkrankheit","Marssonina leafspot of apple","Diplocarpon coronariae",""
"10673","Desikkation, Abbrennen","","",""
"10678","Rapsglanzkäfer","","Meligethes aeneus",""
"10679","Rotfadenkrankheit des Rasens","","Laetisaria  fuciformis",""
"10565","Ährenfusariosen","","Fusarium spp., Gerlachia nivalis",""
"10566","Netzfleckenkrankheit der Gerste","Net blotch of barley","Pyrenophora teres (Anam. Drechslera teres)",""
"10567","Rhynchosporium-Blattfleckenkrankheit","Leaf blotch (= scald) of cereals","Rhynchosporium secalis",""
"10560","Halmbruchkrankheit des Weizens","Foot rot of cereals","Pseudocercosporella herpotrichoides (syn. Oculimacula yallundae)",""
"10561","Echter Mehltau des Getreides","Powdery mildew of cereals","Blumeria graminis",""
"10562","Gelbrost","","Puccinia striiformis",""
"13479","Colletotrichum-Wurzelbrand/-Blattflecken des Spinats","","Colletotrichum dematium f. spinaciae",""
"10563","Braunrost","Brown rust of wheat","Puccinia recondita",""
"10572","Blauschimmel des Tabaks","","Peronospora tabacina",""
"10574","Blattfleckenpilze","","Species ex Genus Alternaria spp., Apiognomonia spp., Ascochyta spp., Cercospora spp. aut Septoria spp., Gloeosporium sp.",""
"10575","Krankheiten durch pathogene Bodenpilze","","B.cinerea, Chalara spp., Fusarium spp., Penicillium spp., Pythium spp., Rhizoctonia spp., Sclerotinia spp., etc.",""
"10569","Kraut- und Fruchtfäule","","Phytophthora infestans",""
"10570","Prozessionsspinner","","Thaumetopoeidae",""
"10571","Maulwürfe (Fam.)","","Talpidae",""
"10580","Fritfliege","","Oscinella frit",""
"13493","Pflaumenblattsauger","plum psylla","Psylla pruni syn. Cacopsylla pruni",""
"10579","Kohlschotenrüssler","","Ceutorhynchus assimilis",""
"10589","Ohrläppchenkrankheit der Azaleen","","Exobasidium vaccinii var. japonicum",""
"10590","Knospensterben an Rhododendron","","Pycnostysanus azaleae",""
"10585","Desinfektion","","",""
"10584","Blattfleckenkrankheit der Chrysantheme","","Septoria chrysanthemella",""
"10599","Echter Mehltau des Hopfens","","Podosphaera macularis",""
"10597","Knospensterben der Blautanne","","Gemmamyces piceae",""
"10594","Nelkenschwärze","","Mycosphaerella dianthi",""
"10593","Sternrusstau der Rosen","black spot of roses / leaf blotch of roses","Diplocarpon rosae",""
"13448","Brennfleckenkrankheit der Linse","","",""
"12484","Raubmilben","","Parasitus sp.",""
"13449","Falscher Mehltau der Linse","","",""
"10605","Hirtentäschelkraut","","Capsella bursa-pastoris",""
"12482","Bakteriose der Walnuss","","Xanthomonas arboricola pv. juglandis",""
"12483","Blattfleckenkrankheit der Walnuss","","Gnomonia leptostyla",""
"10614","Klettenlabkraut","","Galium aparine",""
"10609","Kanadisches Berufkraut","","Erigeron canadensis, i.e. Conyza canadensis",""
"10622","Vogelknöterich","","Polygonum aviculare",""
"10620","Steifer Sauerklee","","Oxalis stricta",""
"10496","Lederfäule der Erdbeeren","fruit rot","Phytophthora cactorum",""
"10497","Rote Wurzelfäule der Erdbeeren","red core","Phytophthora fragariae var. fragariae",""
"10498","Rhizomfäule der Erdbeeren","rhizom rot","Phytophthora cactorum",""
"10499","Getreidehähnchen","cereal leaf beetle ","Oulema melanopus, O. lichenis",""
"10501","Rutenkrankheiten der Brombeere","cane spot","Didymella applanata, Leptosphaeria coniothyrium, Septocyta ruborum",""
"10502","Wurzelsterben der Himbeere","","Phytophthora fragariae var. rubi",""
"10503","Roste der Ribes-Arten","rust","Cronartium ribicola, Puccinia ribis",""
"10504","Blattfallkrankheit der Ribes-Arten","leaf spot","Drepanopeziza ribis",""
"13549","Blattfusarium","","Microdochium nivale = Monographella nivalis",""
"10505","Echter Mehltau der Ribes-Arten","powdery mildew","Podosphaera mors-uvae (Sphaerotheca mors-uvae)",""
"10506","Falscher Mehltau der Rebe","downy mildiou","Plasmopara viticola",""
"10507","Echter Mehltau der Rebe","powedery mildew","Uncinula (=Erysiphe) necator",""
"10508","Rotbrenner","Rotbrenner","Pseudopeziza tracheiphila",""
"10509","Weissfäule der Rebe","white rot","Coniella diplodiella",""
"15474","Brennfleckenkrankheit der Ackerbohne","","",""
"10510","Vorratsschädlinge","","Vorratsschädlinge",""
"15475","Falscher Mehltau der Ackerbohne","","",""
"10511","Schwarzfleckenkrankheit der Rebe","Phomopsis cane and leaf spot","Phomopsis viticola","Q3901665"
"10513","Schwarzfäule der Rebe","black-rot","Guignardia bidwellii","Q604793"
"12474","Cylindrocladium-Trieb- und Blattsterben","","Cylindrocladium buxicola",""
"12477","Rhizoctonia-Krankheiten des Rasens","","Rhizoctonia cerealis ","Q131471650"
"12477","Rhizoctonia-Krankheiten des Rasens","","Rhizoctonia oryzae","Q131471662"
"12477","Rhizoctonia-Krankheiten des Rasens","","Rhizoctonia solani","Q30906964"
"12477","Rhizoctonia-Krankheiten des Rasens","","Rhizoctonia zeae","Q84847330"
"10517","Fettfleckenkrankheit","","Pseudomonas syringae pv. phaseolicola","Q21399451"
"12476","Rost der Gräser","","Puccinia spp.","Q305162"
"12476","Rost der Gräser","","Uromyces spp.","Q892455"
"10516","Brennfleckenkrankheit der Bohne","","Colletotrichum lindemuthianum","Q2853020"
"10519","Eckige Blattfleckenkrankheit","","Pseudomonas syringae pv. lacrymans","Q110420353"
"10518","Rost der Bohne","","Uromyces appendiculatus","Q2377614"
"10521","Falscher Mehltau der Kürbisgewächse","","Pseudoperonospora cubensis","Q3924916"
"14377","Echter Mehltau der Erbse","","Erysiphe pisi","Q3359256"
"10523","Alternaria-Möhrenschwärze","","Alternaria dauci","Q4736354"
"10523","Alternaria-Möhrenschwärze","","Alternaria radicina","Q3021774"
"10524","Falscher Mehltau des Salats","","Bremia lactucae","Q621790"
"10530","Marssonina-Blattfleckenkrankheit (Salate)","","Marssonina panattoniana","Q84832098"
"10531","Septoria-Blattfleckenkrankheit des Selleries","leaf spot of celery","Septoria apiicola","Q10665919"
"10528","Alternaria-Kohlschwärze","","Alternaria brassicae","Q4736348"
"10534","Mehlkrankheit der Zwiebel","","Sclerotium cepivorum","Q59578558"
"10535","Cercospora-Blattfleckenkrankheiten","","Cercospora spp.","Q2066868"
"10535","Ramularia-Blattfleckenkrankheiten","","Ramularia spp.","Q7290354"
"10532","Samtfleckenkrankheit der Tomate","leaf mould of tomato","Mycovellosiella fulva","Q2084190"
"10533","Botrytis spp.","","Botrytis spp.","Q134284"
"10538","Septoria-Blattfleckenkrankheit der Tomate/Aubergine","","Septoria lycopersici","Q2084213"
"10539","Blattschwärze der Spargel","","Stemphylium vesicarium","Q146566"
"10536","Echter Mehltau der Kürbisgewächse","Powdery mildew of cucurbits","Podosphaera xanthii","Q7207076"
"10536","Echter Mehltau der Kürbisgewächse","Powdery mildew of cucurbits","Golovinomyces orontii ","Q10507042"
"15445","Australische Wollschildlaus ","","","Q783121"
"10537","Weisser Rost der Schwarzwurzel","","Albugo tragopogonis","Q4712742"
"10540","Alternaria-Dürrfleckenkrankheit","","Alternaria spp.","Q133266"
"10546","Flugbrand des Weizens","","Ustilago tritici","Q2708559"
"10545","Stinkbrand","","Tilletia caries","Q1634854"
"10545","Stinkbrand","","Tilletia laevis","Q7802813"
"10544","Zwergbrand","","Tilletia controversa","Q7802811"
"10551","Streifenkrankheit der Gerste","","Pyrenophora graminea","Q7263462"
"10551","Streifenkrankheit der Gerste","","Drechslera graminea","Q84860009"
"10550","Gedeckter Brand der Gerste","","Ustilago hordei","Q10711324"
"10549","Flugbrand der Gerste","","Ustilago nuda","Q6676009"
"10555","Rhizoctonia-solani-Krankheit","","Thanatephorus cucumeris","Q149125"
"10555","Rhizoctonia-solani-Krankheit","","Rhizoctonia solani","Q30906964"
"12434","Abbrennen von Stockausschlägen","","",NA
"10554","Rapserdfloh","","Psylliodes chrysocephala","Q50772526"
"10559","Wurzelbrand der Zuckerrübe","","Aphanomyces spp.","Q2858202"
"10559","Wurzelbrand der Zuckerrübe","","Phoma spp.","Q2066891"
"10559","Wurzelbrand der Zuckerrübe","","Pythium spp.","Q2699011"
"10559","Wurzelbrand der Zuckerrübe","","Rhizoctonia spp.","Q2716477"
"10556","Flugbrand des Hafers","","Ustilago avenae","Q612789"
